Doctor_ID,Doctor_First_Name,Doctor_Last_Name,Gender,Department_ID,Department_Name,Qualification,Experience_Years,Salary,Phone,Email
D0001,Daksh,Bakshi,Male,101,Cardiology,DM Cardiology,2,274393,4332181960,daksh.bakshi@hospital.com
D0002,Amruta,Chander,Female,101,Cardiology,DM Cardiology,9,138513,+913890838637,amruta.chander@hospital.com
D0003,Liam,Ahuja,Male,101,Cardiology,DM Cardiology,25,106868,+916542351161,liam.ahuja@hospital.com
D0004,Praneel,Padmanabhan,Male,101,Cardiology,DM Cardiology,20,190604,4078161849,praneel.padmanabhan@hospital.com
D0005,Pratyush,Handa,Male,101,Cardiology,DM Cardiology,2,104561,1034131647,pratyush.handa@hospital.com
D0006,Qabil,Gaba,Male,101,Cardiology,DM Cardiology,9,212475,05341928327,qabil.gaba@hospital.com
D0007,Ranveer,Madan,Male,101,Cardiology,DM Cardiology,19,132124,8350305641,ranveer.madan@hospital.com
D0008,Jagvi,Murty,Female,101,Cardiology,DM Cardiology,9,197757,+917672423884,jagvi.murty@hospital.com
D0009,Upadhriti,Rastogi,Female,101,Cardiology,DM Cardiology,27,81703,03287101226,upadhriti.rastogi@hospital.com
D0010,Azad,Rajan,Male,101,Cardiology,DM Cardiology,24,190785,09784801845,azad.rajan@hospital.com
D0011,Dayita,Memon,Female,101,Cardiology,DM Cardiology,10,120758,02704828148,dayita.memon@hospital.com
D0012,Hardik,Dua,Male,101,Cardiology,DM Cardiology,26,168236,02880957015,hardik.dua@hospital.com
D0013,Mitesh,Khatri,Male,101,Cardiology,DM Cardiology,4,179595,+913911718227,mitesh.khatri@hospital.com
D0014,Fitan,Lanka,Male,101,Cardiology,DM Cardiology,13,170165,9638346578,fitan.lanka@hospital.com
D0015,Varsha,Dara,Female,101,Cardiology,DM Cardiology,27,91390,+913150983930,varsha.dara@hospital.com
D0016,Bimala,Bhargava,Female,101,Cardiology,DM Cardiology,19,112722,+911051834738,bimala.bhargava@hospital.com
D0017,Ekaja,Solanki,Female,101,Cardiology,DM Cardiology,4,224714,+917631165667,ekaja.solanki@hospital.com
D0018,Avni,Chaudhari,Female,101,Cardiology,DM Cardiology,28,244794,+916513338726,avni.chaudhari@hospital.com
D0019,Hemani,Mallick,Female,101,Cardiology,DM Cardiology,20,130407,03178108013,hemani.mallick@hospital.com
D0020,Fiyaz,Ray,Male,101,Cardiology,DM Cardiology,3,253346,07360260647,fiyaz.ray@hospital.com
D0021,Luke,Sampath,Male,102,Neurology,DM Neurology,26,155861,8723430980,luke.sampath@hospital.com
D0022,Naksh,Bhandari,Male,102,Neurology,DM Neurology,29,141024,+919788208121,naksh.bhandari@hospital.com
D0023,Bahadurjit,Keer,Male,102,Neurology,DM Neurology,14,152869,01939909169,bahadurjit.keer@hospital.com
D0024,Yutika,Mutti,Female,102,Neurology,DM Neurology,22,298657,03534624751,yutika.mutti@hospital.com
D0025,Aarna,Shanker,Female,102,Neurology,DM Neurology,7,177040,9118384251,aarna.shanker@hospital.com
D0026,Krisha,Pingle,Female,102,Neurology,DM Neurology,8,255682,02784980841,krisha.pingle@hospital.com
D0027,Ekani,Lalla,Female,102,Neurology,DM Neurology,24,259187,+911824493534,ekani.lalla@hospital.com
D0028,Zayyan,Suresh,Male,102,Neurology,DM Neurology,21,246455,00164005242,zayyan.suresh@hospital.com
D0029,Timothy,Sane,Male,102,Neurology,DM Neurology,19,271136,0112805982,timothy.sane@hospital.com
D0030,Tanveer,Datta,Male,102,Neurology,DM Neurology,7,201178,+914505331586,tanveer.datta@hospital.com
D0031,Garima,Khalsa,Female,102,Neurology,DM Neurology,10,247772,+912602563421,garima.khalsa@hospital.com
D0032,Rayaan,Barad,Male,102,Neurology,DM Neurology,23,165008,03375433036,rayaan.barad@hospital.com
D0033,Nitesh,Mallick,Male,102,Neurology,DM Neurology,9,295430,+914586850142,nitesh.mallick@hospital.com
D0034,Kevin,Barad,Male,102,Neurology,DM Neurology,27,162694,+919655698169,kevin.barad@hospital.com
D0035,Ikshita,Kumar,Female,102,Neurology,DM Neurology,10,97350,+916088356159,ikshita.kumar@hospital.com
D0036,Naksh,Dash,Male,103,Orthopedics,MS Orthopedics,20,268196,4846564823,naksh.dash@hospital.com
D0037,Ucchal,Raghavan,Female,103,Orthopedics,MS Orthopedics,8,251819,2994680443,ucchal.raghavan@hospital.com
D0038,Upasna,Nagy,Female,103,Orthopedics,MS Orthopedics,14,248519,07738721489,upasna.nagy@hospital.com
D0039,Oviya,Chander,Female,103,Orthopedics,MS Orthopedics,6,149436,+914332003791,oviya.chander@hospital.com
D0040,Vedant,Sachdeva,Male,103,Orthopedics,MS Orthopedics,9,275294,9367632016,vedant.sachdeva@hospital.com
D0041,Januja,Goda,Female,103,Orthopedics,MS Orthopedics,25,233245,8708317278,januja.goda@hospital.com
D0042,Nitara,Savant,Female,103,Orthopedics,MS Orthopedics,30,232969,8687277434,nitara.savant@hospital.com
D0043,Yoshita,Sundaram,Female,103,Orthopedics,MS Orthopedics,13,137493,3471434558,yoshita.sundaram@hospital.com
D0044,Banjeet,Devi,Male,103,Orthopedics,MS Orthopedics,18,209372,+913623166587,banjeet.devi@hospital.com
D0045,Sarthak,Bhatia,Male,103,Orthopedics,MS Orthopedics,26,92351,+916690967054,sarthak.bhatia@hospital.com
D0046,Robert,Saini,Male,103,Orthopedics,MS Orthopedics,6,244481,8937346706,robert.saini@hospital.com
D0047,Om,Ravel,Male,103,Orthopedics,MS Orthopedics,27,258384,2729806990,om.ravel@hospital.com
D0048,Chakrika,Sangha,Female,103,Orthopedics,MS Orthopedics,21,96653,+917204653755,chakrika.sangha@hospital.com
D0049,Sachi,Mall,Female,103,Orthopedics,MS Orthopedics,14,236208,04170805310,sachi.mall@hospital.com
D0050,Amruta,Kota,Female,103,Orthopedics,MS Orthopedics,18,145906,+910923271937,amruta.kota@hospital.com
D0051,Kabir,Pillay,Male,103,Orthopedics,MS Orthopedics,23,268932,+919912419049,kabir.pillay@hospital.com
D0052,Raghav,Ranganathan,Male,103,Orthopedics,MS Orthopedics,23,220763,3193149190,raghav.ranganathan@hospital.com
D0053,Prisha,Walia,Female,103,Orthopedics,MS Orthopedics,26,248024,05185067165,prisha.walia@hospital.com
D0054,Veda,Dua,Female,104,Emergency,MD Emergency Medicine,5,156939,02849877694,veda.dua@hospital.com
D0055,Ojasvi,Korpal,Female,104,Emergency,MD Emergency Medicine,7,198940,+914737996507,ojasvi.korpal@hospital.com
D0056,Nicholas,Gopal,Male,104,Emergency,MD Emergency Medicine,25,268659,03545494808,nicholas.gopal@hospital.com
D0057,Ikshita,Chada,Female,104,Emergency,MD Emergency Medicine,18,279743,+916783777014,ikshita.chada@hospital.com
D0058,Indrajit,Ravel,Male,104,Emergency,MD Emergency Medicine,18,107894,3495788568,indrajit.ravel@hospital.com
D0059,Oni,Pandey,Female,104,Emergency,MD Emergency Medicine,28,247496,7444313518,oni.pandey@hospital.com
D0060,George,Handa,Male,104,Emergency,MD Emergency Medicine,6,178019,+917498941343,george.handa@hospital.com
D0061,Pranit,Gola,Male,104,Emergency,MD Emergency Medicine,19,284112,00824008427,pranit.gola@hospital.com
D0062,Charan,Arora,Male,104,Emergency,MD Emergency Medicine,21,164975,4777520471,charan.arora@hospital.com
D0063,Bhavini,Rattan,Female,104,Emergency,MD Emergency Medicine,2,109325,01902294131,bhavini.rattan@hospital.com
D0064,Turvi,Kara,Female,104,Emergency,MD Emergency Medicine,30,298016,6774964990,turvi.kara@hospital.com
D0065,Chavvi,Johal,Female,104,Emergency,MD Emergency Medicine,9,95184,3412328120,chavvi.johal@hospital.com
D0066,Samarth,Seshadri,Male,104,Emergency,MD Emergency Medicine,30,228729,9740344713,samarth.seshadri@hospital.com
D0067,Kevin,Hora,Male,104,Emergency,MD Emergency Medicine,4,271865,01832421024,kevin.hora@hospital.com
D0068,Mitali,Sarna,Female,104,Emergency,MD Emergency Medicine,28,98143,+917464887719,mitali.sarna@hospital.com
D0069,Anmol,Sankaran,Male,104,Emergency,MD Emergency Medicine,6,252949,5940139904,anmol.sankaran@hospital.com
D0070,Anusha,Gill,Female,104,Emergency,MD Emergency Medicine,19,123287,08742967175,anusha.gill@hospital.com
D0071,Tara,Nath,Female,104,Emergency,MD Emergency Medicine,18,239014,01256746807,tara.nath@hospital.com
D0072,Chanchal,Murty,Female,104,Emergency,MD Emergency Medicine,8,221373,05168087603,chanchal.murty@hospital.com
D0073,Pratyush,Tara,Male,104,Emergency,MD Emergency Medicine,24,161714,7034824771,pratyush.tara@hospital.com
D0074,Amrita,Khatri,Female,104,Emergency,MD Emergency Medicine,23,250361,2480861317,amrita.khatri@hospital.com
D0075,Dhriti,Dube,Female,104,Emergency,MD Emergency Medicine,16,215679,04846773782,dhriti.dube@hospital.com
D0076,Sanaya,Halder,Female,104,Emergency,MD Emergency Medicine,5,144986,8214658404,sanaya.halder@hospital.com
D0077,Manthan,Suri,Male,104,Emergency,MD Emergency Medicine,4,168627,+917875588675,manthan.suri@hospital.com
D0078,Girindra,Khare,Male,104,Emergency,MD Emergency Medicine,20,225207,6360576627,girindra.khare@hospital.com
D0079,Andrew,Date,Male,105,General Medicine,MD General Medicine,20,137728,9517187026,andrew.date@hospital.com
D0080,Faras,Borde,Male,105,General Medicine,MD General Medicine,4,265556,04596158657,faras.borde@hospital.com
D0081,Andrew,Biswas,Male,105,General Medicine,MD General Medicine,9,97668,+914316117240,andrew.biswas@hospital.com
D0082,Arin,Nair,Male,105,General Medicine,MD General Medicine,29,166619,+914556238692,arin.nair@hospital.com
D0083,Frederick,Gill,Male,105,General Medicine,MD General Medicine,18,142391,+919693792374,frederick.gill@hospital.com
D0084,Veda,Kumer,Female,105,General Medicine,MD General Medicine,23,207248,0748217594,veda.kumer@hospital.com
D0085,Simon,Krishna,Male,105,General Medicine,MD General Medicine,19,114684,04367136959,simon.krishna@hospital.com
D0086,Neelima,Merchant,Female,105,General Medicine,MD General Medicine,9,285683,+916409097439,neelima.merchant@hospital.com
D0087,Qushi,Kanda,Female,105,General Medicine,MD General Medicine,27,186708,3942104709,qushi.kanda@hospital.com
D0088,Qabil,Deep,Male,105,General Medicine,MD General Medicine,5,105409,+914562328588,qabil.deep@hospital.com
D0089,Madhavi,Gala,Female,105,General Medicine,MD General Medicine,13,191038,07451712368,madhavi.gala@hospital.com
D0090,Rajeshri,Chana,Female,105,General Medicine,MD General Medicine,16,271122,00481754965,rajeshri.chana@hospital.com
D0091,Chatura,Kaur,Male,105,General Medicine,MD General Medicine,23,251299,00985931746,chatura.kaur@hospital.com
D0092,Dalbir,Dey,Male,105,General Medicine,MD General Medicine,3,185544,+910471138267,dalbir.dey@hospital.com
D0093,Reva,Zachariah,Female,105,General Medicine,MD General Medicine,27,108644,09261796405,reva.zachariah@hospital.com
D0094,Ikbal,Sawhney,Male,105,General Medicine,MD General Medicine,8,129862,03515850643,ikbal.sawhney@hospital.com
D0095,Divya,Sha,Female,105,General Medicine,MD General Medicine,6,190593,+913900532931,divya.sha@hospital.com
D0096,Hemang,Kalita,Male,105,General Medicine,MD General Medicine,10,201275,+915290422842,hemang.kalita@hospital.com
D0097,Christopher,Bal,Male,105,General Medicine,MD General Medicine,29,99761,+910539502402,christopher.bal@hospital.com
D0098,Ucchal,Vora,Female,105,General Medicine,MD General Medicine,27,224264,+911775891783,ucchal.vora@hospital.com
D0099,Anthony,Verma,Male,105,General Medicine,MD General Medicine,3,250955,07007661771,anthony.verma@hospital.com
D0100,Banjeet,Nagy,Male,105,General Medicine,MD General Medicine,4,277542,2124998569,banjeet.nagy@hospital.com
D0101,Manan,Setty,Male,105,General Medicine,MD General Medicine,7,186539,9611836736,manan.setty@hospital.com
D0102,Pallavi,Setty,Female,105,General Medicine,MD General Medicine,17,136032,06156545271,pallavi.setty@hospital.com
D0103,Chandani,Chada,Female,105,General Medicine,MD General Medicine,30,95370,+916152809885,chandani.chada@hospital.com
D0104,Darsh,Roy,Male,105,General Medicine,MD General Medicine,14,80565,06049451983,darsh.roy@hospital.com
D0105,Garima,Subramaniam,Female,105,General Medicine,MD General Medicine,10,285539,+911585149368,garima.subramaniam@hospital.com
D0106,Amara,Loke,Female,105,General Medicine,MD General Medicine,11,190888,+912445502296,amara.loke@hospital.com
D0107,Bhavya,Dhar,Female,105,General Medicine,MD General Medicine,6,129780,0183667525,bhavya.dhar@hospital.com
D0108,Nimrat,Nair,Female,105,General Medicine,MD General Medicine,8,95331,9102290147,nimrat.nair@hospital.com
D0109,Simon,Sunder,Male,105,General Medicine,MD General Medicine,25,162209,7643815614,simon.sunder@hospital.com
D0110,Yagnesh,Vyas,Male,105,General Medicine,MD General Medicine,3,233138,4036900343,yagnesh.vyas@hospital.com
D0111,Ekantika,Kumer,Female,105,General Medicine,MD General Medicine,18,219231,05107622683,ekantika.kumer@hospital.com
D0112,Zashil,Pandya,Male,105,General Medicine,MD General Medicine,3,213124,+916060715969,zashil.pandya@hospital.com
D0113,Samaksh,Sahni,Male,105,General Medicine,MD General Medicine,29,128712,01605297516,samaksh.sahni@hospital.com
D0114,Chatresh,Kohli,Male,105,General Medicine,MD General Medicine,21,97815,09681645352,chatresh.kohli@hospital.com
D0115,Balvan,Uppal,Male,105,General Medicine,MD General Medicine,14,111427,1883552312,balvan.uppal@hospital.com
D0116,Kabir,Hora,Male,105,General Medicine,MD General Medicine,20,235849,+919212779979,kabir.hora@hospital.com
D0117,Neel,Mutti,Male,105,General Medicine,MD General Medicine,21,101491,+917177449058,neel.mutti@hospital.com
D0118,Bina,Mukherjee,Female,105,General Medicine,MD General Medicine,23,233006,07005411998,bina.mukherjee@hospital.com
D0119,Sanaya,Shere,Female,106,Surgery,MS General Surgery,10,133545,8079359782,sanaya.shere@hospital.com
D0120,Bhavani,Seshadri,Female,106,Surgery,MS General Surgery,9,149629,+915182037788,bhavani.seshadri@hospital.com
D0121,Gauri,Patla,Female,106,Surgery,MS General Surgery,6,256079,04665905151,gauri.patla@hospital.com
D0122,Sanya,Mander,Female,106,Surgery,MS General Surgery,16,162883,09251925462,sanya.mander@hospital.com
D0123,Brijesh,Mukherjee,Male,106,Surgery,MS General Surgery,2,200136,6528168505,brijesh.mukherjee@hospital.com
D0124,Mohammed,Gole,Male,106,Surgery,MS General Surgery,4,220937,+915733221418,mohammed.gole@hospital.com
D0125,Anirudh,Nayar,Male,106,Surgery,MS General Surgery,18,149520,2962229270,anirudh.nayar@hospital.com
D0126,Samesh,Patla,Male,106,Surgery,MS General Surgery,13,98033,3794738347,samesh.patla@hospital.com
D0127,Gunbir,Pillai,Male,106,Surgery,MS General Surgery,13,154707,9774688623,gunbir.pillai@hospital.com
D0128,Ekapad,Krishna,Male,106,Surgery,MS General Surgery,16,298561,+917581814124,ekapad.krishna@hospital.com
D0129,Varenya,Varghese,Female,106,Surgery,MS General Surgery,21,291576,+916137506068,varenya.varghese@hospital.com
D0130,Rachit,Keer,Male,106,Surgery,MS General Surgery,23,294198,01530515220,rachit.keer@hospital.com
D0131,Mekhala,Sodhi,Female,106,Surgery,MS General Surgery,23,107154,2779010432,mekhala.sodhi@hospital.com
D0132,Siddharth,Choudhry,Male,106,Surgery,MS General Surgery,10,110258,03410369711,siddharth.choudhry@hospital.com
D0133,Zaid,Wason,Male,106,Surgery,MS General Surgery,25,225024,+918932460953,zaid.wason@hospital.com
D0134,Sathvik,Grover,Male,106,Surgery,MS General Surgery,10,153860,1851888880,sathvik.grover@hospital.com
D0135,Robert,Singhal,Male,106,Surgery,MS General Surgery,24,169884,+916540515319,robert.singhal@hospital.com
D0136,Ojas,Deol,Male,106,Surgery,MS General Surgery,23,246261,+915852772217,ojas.deol@hospital.com
D0137,Anita,Memon,Female,106,Surgery,MS General Surgery,18,208065,+910305486874,anita.memon@hospital.com
D0138,Anita,Halder,Female,106,Surgery,MS General Surgery,30,93316,05054156676,anita.halder@hospital.com
D0139,Omkaar,Grover,Male,106,Surgery,MS General Surgery,22,191037,07584161692,omkaar.grover@hospital.com
D0140,Nandini,Nagi,Female,106,Surgery,MS General Surgery,3,80929,+911544796275,nandini.nagi@hospital.com
D0141,Vansha,Basak,Female,107,Oncology,DM Oncology,26,114293,5964016582,vansha.basak@hospital.com
D0142,Amruta,Dhar,Female,107,Oncology,DM Oncology,7,274309,7021355690,amruta.dhar@hospital.com
D0143,Ganga,Sengupta,Female,107,Oncology,DM Oncology,19,264986,05719285654,ganga.sengupta@hospital.com
D0144,Kritika,Comar,Female,107,Oncology,DM Oncology,19,82534,+912786814473,kritika.comar@hospital.com
D0145,Luke,Swaminathan,Male,107,Oncology,DM Oncology,4,261146,+911217271551,luke.swaminathan@hospital.com
D0146,Maanav,Mital,Male,107,Oncology,DM Oncology,19,89444,+912583132370,maanav.mital@hospital.com
D0147,Radha,Pillay,Female,107,Oncology,DM Oncology,20,224841,08291146786,radha.pillay@hospital.com
D0148,Samarth,Borah,Male,107,Oncology,DM Oncology,15,113409,+915177852892,samarth.borah@hospital.com
D0149,Dhruv,Sant,Male,107,Oncology,DM Oncology,11,175591,0182422535,dhruv.sant@hospital.com
D0150,Lucky,Brar,Male,107,Oncology,DM Oncology,30,173797,03842498182,lucky.brar@hospital.com
