employee_id,employee_name,gender,role,employment_type,date_of_joining,department_id
1,Sanaya Kalla,Male,Admin,Contract,17-04-2024,11
2,Dayamai Raj,Female,Nurse,Full-time,09-05-2011,6
3,Logan Lata,Male,Doctor,Contract,27-10-2020,8
4,Vyanjana Kota,Female,Technician,Contract,01-05-2013,9
5,Nachiket Mani,Female,Admin,Contract,16-02-2013,3
6,Yoshita Dugar,Male,Admin,Full-time,07-07-2015,8
7,Hardik Mannan,Female,Pharmacist,Contract,29-10-2023,7
8,Saksham Sehgal,Male,Admin,Full-time,27-03-2017,6
9,Mohammed Natarajan,Male,Doctor,Contract,16-08-2025,5
10,Daksha Pingle,Male,Pharmacist,Contract,22-04-2022,10
11,Hritik Apte,Female,Pharmacist,Contract,06-05-2018,11
12,Krisha Sarna,Female,Admin,Full-time,05-03-2013,1
13,Devika Chandra,Female,Doctor,Contract,16-06-2017,7
14,Januja Karpe,Male,Pharmacist,Contract,08-12-2021,7
15,Patrick Chakrabarti,Female,Pharmacist,Full-time,11-02-2021,11
16,Chandani Dutta,Female,Admin,Full-time,30-11-2021,6
17,Gagan Chadha,Female,Nurse,Contract,19-05-2024,1
18,Tejas Ramaswamy,Male,Pharmacist,Contract,25-02-2018,8
19,Girindra Vohra,Male,Nurse,Contract,27-07-2012,9
20,Balvan Raja,Female,Nurse,Contract,30-05-2012,3
21,Ishita Dhingra,Female,Technician,Contract,04-07-2024,7
22,Rudra Reddy,Female,Admin,Contract,01-05-2019,8
23,Balendra Raj,Female,Technician,Contract,06-03-2018,10
24,Varenya Parikh,Male,Nurse,Contract,15-11-2016,4
25,Urvashi Raju,Male,Doctor,Contract,19-06-2015,8
26,Gaurang Jani,Male,Doctor,Full-time,04-12-2025,11
27,Rajeshri Parmer,Male,Nurse,Contract,21-10-2017,1
28,Anusha Kalla,Male,Nurse,Full-time,18-08-2019,5
29,Laban Wadhwa,Female,Doctor,Full-time,12-04-2024,10
30,Rajeshri Kant,Male,Nurse,Full-time,11-06-2018,8
31,Kala Misra,Male,Doctor,Full-time,27-12-2023,2
32,Nisha Samra,Male,Nurse,Full-time,30-04-2017,6
33,Matthew Randhawa,Female,Doctor,Full-time,22-07-2012,3
34,Kashvi Sarraf,Male,Pharmacist,Contract,10-08-2014,10
35,Yash Patel,Female,Nurse,Full-time,08-10-2014,4
36,Anirudh Bhakta,Female,Technician,Full-time,23-04-2018,1
37,Dhruv Bava,Male,Technician,Contract,24-03-2025,11
38,Gaurangi Agrawal,Female,Nurse,Full-time,02-07-2022,4
39,Tanish Brar,Male,Nurse,Full-time,28-01-2024,1
40,Zaitra Karpe,Male,Pharmacist,Full-time,06-03-2011,4
41,Zaid Kuruvilla,Female,Pharmacist,Full-time,13-08-2011,3
42,Mugdha Andra,Female,Admin,Contract,28-09-2018,4
43,Zaid Basu,Female,Admin,Contract,18-07-2021,2
44,Yadavi Bath,Female,Pharmacist,Full-time,24-11-2020,1
45,Harini Choudhry,Male,Nurse,Full-time,15-01-2020,6
46,Anthony Sarraf,Female,Admin,Contract,12-03-2019,7
47,Harsh Rattan,Male,Technician,Full-time,03-09-2018,4
48,Indrajit Bawa,Female,Doctor,Contract,18-01-2026,5
49,Krishna Prasad,Female,Pharmacist,Contract,08-03-2024,11
50,Jason Konda,Male,Admin,Full-time,20-12-2025,10
51,Vritti Amble,Male,Doctor,Contract,12-09-2025,10
52,Krish Luthra,Female,Pharmacist,Full-time,23-07-2023,1
53,Amruta Karpe,Female,Technician,Contract,19-01-2024,8
54,Gagan Chaudhuri,Female,Admin,Contract,19-08-2011,7
55,Daksh Gulati,Female,Nurse,Contract,18-07-2015,5
56,Ekantika Prabhu,Female,Pharmacist,Full-time,22-05-2020,10
57,Gayathri Kala,Female,Doctor,Full-time,06-09-2018,3
58,Shravya Reddy,Male,Technician,Full-time,09-01-2026,10
59,David Pau,Female,Admin,Full-time,11-06-2012,4
60,Tejas Gole,Female,Nurse,Contract,17-07-2012,5
61,Chakrika Singhal,Female,Doctor,Full-time,17-06-2024,1
62,Faraj Lall,Female,Nurse,Contract,21-04-2024,6
63,George Kakar,Female,Nurse,Contract,04-06-2012,3
64,Jasmit Solanki,Male,Pharmacist,Contract,15-12-2019,1
65,Yashawini Mukherjee,Male,Admin,Full-time,05-08-2012,10
66,Chatura Sur,Female,Nurse,Full-time,20-04-2015,5
67,Arya Ahuja,Male,Pharmacist,Contract,06-09-2016,4
68,Udarsh Lanka,Male,Nurse,Contract,18-03-2011,11
69,Nitesh Sama,Male,Technician,Contract,11-03-2016,8
70,Kevin Pradhan,Female,Doctor,Contract,25-01-2017,2
71,Saumya Som,Female,Admin,Contract,03-03-2012,4
72,Atharv Malhotra,Female,Admin,Full-time,10-06-2012,10
73,Ekiya Som,Female,Doctor,Contract,05-06-2021,8
74,Saksham Rai,Male,Doctor,Contract,04-07-2014,5
75,Varsha Sankar,Female,Doctor,Contract,13-02-2019,9
76,Vedhika Rout,Female,Pharmacist,Contract,23-08-2012,10
77,Lekha Sarin,Female,Doctor,Full-time,30-06-2021,2
78,Kala Nath,Female,Admin,Full-time,02-08-2019,8
79,Omisha Modi,Female,Admin,Contract,05-06-2023,3
80,Eesha Bhalla,Female,Nurse,Contract,01-06-2017,9
81,Yashoda Batra,Female,Technician,Contract,30-04-2016,8
82,Amara Chakrabarti,Female,Doctor,Full-time,26-12-2013,7
83,Ranveer Dani,Female,Pharmacist,Full-time,26-01-2023,11
84,Lohit Tak,Female,Pharmacist,Full-time,23-05-2025,1
85,Gunbir Goel,Female,Admin,Full-time,26-04-2019,10
86,Nathaniel Dass,Male,Pharmacist,Contract,25-03-2016,11
87,Riya Borde,Male,Nurse,Contract,29-10-2016,10
88,Arunima Mohan,Female,Technician,Full-time,17-01-2025,7
89,Chatura Rege,Male,Technician,Contract,28-02-2014,6
90,Indira Varma,Female,Pharmacist,Full-time,10-05-2016,2
91,Gavin De,Male,Admin,Contract,17-08-2016,8
92,Harita Seth,Female,Doctor,Contract,30-04-2013,11
93,Adya Tripathi,Female,Pharmacist,Contract,03-04-2025,9
94,Panini Narayan,Female,Technician,Contract,17-05-2011,1
95,Chaitaly Hayre,Male,Nurse,Contract,24-07-2024,6
96,Daksh Bava,Female,Doctor,Contract,12-01-2013,2
97,Wyatt Anand,Male,Technician,Full-time,17-05-2016,5
98,Ubika Nadig,Female,Pharmacist,Contract,02-10-2021,1
99,Darika Mallick,Male,Nurse,Full-time,08-01-2017,6
100,Harita Cherian,Male,Admin,Full-time,17-08-2020,5
101,Tanish Kale,Female,Nurse,Contract,07-12-2018,4
102,Eesha Naidu,Female,Pharmacist,Contract,14-08-2022,7
103,Avi Sinha,Female,Admin,Full-time,07-05-2014,3
104,Falan Sachdev,Male,Pharmacist,Contract,19-04-2013,1
105,Bahadurjit Bhakta,Female,Technician,Contract,01-01-2022,2
106,Neha Sane,Female,Nurse,Full-time,14-01-2022,2
107,Imaran Dora,Female,Doctor,Full-time,04-03-2012,5
108,Janya Agate,Female,Nurse,Full-time,21-01-2017,7
109,Ishanvi Malhotra,Male,Nurse,Contract,19-07-2016,10
110,Mekhala Bawa,Male,Doctor,Contract,02-11-2017,2
111,Chanchal Agate,Male,Nurse,Contract,18-07-2021,9
112,Inaya Kohli,Male,Nurse,Full-time,20-09-2020,7
113,Chakradhar Panchal,Male,Technician,Full-time,14-03-2017,3
114,Aahana Raja,Male,Technician,Contract,15-12-2023,10
115,Raghav Acharya,Female,Nurse,Contract,17-01-2014,9
116,Ekanta Mitra,Female,Admin,Full-time,07-08-2019,2
117,Bimala Tella,Female,Doctor,Contract,22-04-2011,1
118,Nakul Dubey,Female,Nurse,Full-time,18-08-2018,5
119,Januja Sagar,Male,Nurse,Contract,26-06-2012,7
120,Brijesh Kalla,Male,Doctor,Full-time,29-12-2024,6
121,Saanvi Bhatti,Male,Pharmacist,Contract,15-03-2017,1
122,Vasudha Apte,Male,Pharmacist,Contract,02-10-2020,8
123,Ranveer Buch,Female,Technician,Full-time,08-04-2020,8
124,Abha Din,Male,Admin,Contract,11-07-2011,3
125,Barkha Walla,Male,Pharmacist,Contract,08-07-2017,8
126,Patrick Sama,Female,Nurse,Full-time,14-03-2012,8
127,Aarush Tak,Male,Admin,Contract,17-11-2018,11
128,Ekapad Chad,Female,Doctor,Contract,29-09-2024,11
129,Ganga Patla,Female,Nurse,Contract,30-06-2015,6
130,Anjali Chawla,Male,Nurse,Contract,19-07-2019,7
131,Reva Yohannan,Female,Pharmacist,Full-time,04-06-2018,1
132,Ekapad Palla,Female,Admin,Contract,25-10-2018,10
133,Rehaan Morar,Male,Nurse,Full-time,26-09-2018,2
134,Tristan Guha,Male,Pharmacist,Contract,03-12-2018,11
135,Lakshit Mallick,Female,Admin,Contract,15-11-2018,1
136,Harita Lalla,Female,Technician,Contract,14-08-2024,7
137,Siya Venkatesh,Male,Technician,Full-time,25-05-2014,11
138,Jagdish Merchant,Male,Technician,Full-time,20-10-2017,9
139,Dipta Mani,Male,Nurse,Contract,06-08-2020,9
140,Zinal Dash,Male,Technician,Full-time,08-10-2024,10
141,Samarth De,Female,Admin,Contract,29-07-2021,2
142,Aishani Chowdhury,Male,Technician,Contract,16-01-2014,2
143,Peter Dutt,Female,Nurse,Full-time,23-01-2016,10
144,Madhavi Deshpande,Female,Nurse,Contract,16-03-2025,3
145,Eiravati Parmar,Female,Doctor,Contract,17-07-2019,8
146,Barkha Yohannan,Male,Nurse,Contract,17-11-2012,11
147,Gautam Din,Female,Pharmacist,Contract,20-10-2025,10
148,Gunbir Raja,Female,Nurse,Contract,07-06-2023,11
149,Gabriel Shenoy,Female,Pharmacist,Contract,13-04-2011,10
150,Kavya Mukhopadhyay,Male,Pharmacist,Full-time,16-02-2023,10
151,Hamsini Bhatti,Male,Doctor,Full-time,04-10-2011,8
152,Arjun Parmar,Male,Doctor,Full-time,22-03-2025,10
153,Yashawini Ramanathan,Female,Admin,Full-time,30-03-2013,7
154,Kalpit Nadig,Male,Admin,Full-time,31-12-2014,6
155,Gauri Buch,Female,Nurse,Full-time,10-02-2020,9
156,Rehaan Tak,Male,Technician,Full-time,08-07-2011,6
157,Anya Mitra,Female,Doctor,Full-time,11-08-2023,3
158,Krishna Sathe,Female,Technician,Contract,30-01-2022,7
159,Ikbal Sunder,Male,Nurse,Full-time,24-05-2024,6
160,Ekansh Konda,Male,Nurse,Full-time,21-12-2024,7
161,Bhavini Chand,Male,Admin,Contract,15-12-2018,10
162,Meghana Pillay,Female,Pharmacist,Contract,08-04-2024,9
163,Wahab Dutta,Male,Admin,Full-time,20-12-2021,1
164,Gautami Murty,Male,Nurse,Full-time,12-07-2015,8
165,Brinda Gade,Male,Doctor,Contract,22-04-2011,1
166,David Sarma,Male,Doctor,Full-time,04-08-2012,10
167,Onkar Varty,Female,Technician,Full-time,19-01-2014,2
168,Ikshita Bajaj,Male,Technician,Contract,30-07-2018,7
169,Nitara Sahota,Female,Technician,Full-time,10-06-2019,3
170,Hiral Sunder,Female,Pharmacist,Contract,17-09-2025,6
171,Sai Jha,Female,Doctor,Full-time,21-11-2019,2
172,Aditya Kade,Female,Pharmacist,Contract,19-10-2015,5
173,Sanaya Lal,Male,Admin,Contract,14-09-2011,4
174,Bhavika Mishra,Female,Nurse,Contract,17-09-2020,11
175,Pushti Sagar,Female,Technician,Full-time,23-05-2016,6
176,Ojasvi Jhaveri,Male,Doctor,Contract,13-09-2023,6
177,Upma Ramachandran,Male,Admin,Full-time,30-09-2020,4
178,Madhav Chaudhuri,Male,Pharmacist,Contract,18-09-2017,2
179,Rajata Lal,Female,Pharmacist,Full-time,26-05-2021,9
180,Tarak Pau,Female,Admin,Contract,26-04-2018,5
181,Krishna Golla,Male,Admin,Contract,04-11-2023,7
182,Bhanumati Bumb,Male,Pharmacist,Contract,06-05-2015,8
183,Yashoda Sant,Female,Technician,Full-time,24-08-2018,8
184,Upkaar Gade,Female,Doctor,Contract,29-08-2016,2
185,Maanav Sankar,Male,Doctor,Full-time,23-08-2011,1
186,Xavier Varkey,Male,Admin,Contract,05-05-2017,5
187,Onkar Dhar,Female,Doctor,Contract,30-12-2012,7
188,Manbir Mandal,Male,Nurse,Contract,13-06-2016,6
189,Kalpit Maharaj,Female,Doctor,Contract,04-11-2025,5
190,Hredhaan Sankar,Male,Pharmacist,Contract,20-10-2017,11
191,Nikita Ramesh,Female,Technician,Full-time,02-07-2014,3
192,Saanvi Choudhary,Female,Technician,Contract,09-07-2023,2
193,Kai Kumer,Female,Doctor,Full-time,18-11-2025,1
194,Daksha Patla,Male,Pharmacist,Contract,17-03-2018,6
195,Nandini Lata,Male,Pharmacist,Full-time,08-06-2016,9
196,Damyanti Bahri,Female,Technician,Full-time,30-10-2011,1
197,Triya Merchant,Male,Doctor,Contract,04-09-2012,11
198,Dipta Issac,Female,Admin,Full-time,16-01-2024,2
199,Watika Sheth,Female,Technician,Full-time,16-06-2011,9
200,Vedhika Chaudhry,Female,Admin,Contract,25-01-2019,1
201,Meghana Natt,Female,Nurse,Contract,04-03-2019,7
202,Jatin Atwal,Male,Pharmacist,Contract,23-12-2024,10
203,Zaid Virk,Male,Nurse,Full-time,05-01-2025,6
204,Harini Dave,Female,Doctor,Contract,17-04-2022,1
205,Bakhshi Majumdar,Male,Nurse,Full-time,14-01-2026,3
206,Bimala Nagar,Female,Doctor,Full-time,27-11-2021,11
207,Nisha Agate,Male,Doctor,Full-time,10-01-2012,6
208,Maanav Rastogi,Female,Nurse,Full-time,02-12-2019,3
209,Yoshita Toor,Male,Pharmacist,Contract,24-05-2018,7
210,Chaman Uppal,Male,Technician,Contract,23-03-2025,3
211,Wazir Pal,Male,Nurse,Contract,12-06-2012,7
212,Atharv Jain,Female,Doctor,Full-time,03-01-2020,6
213,Xalak Saini,Female,Doctor,Full-time,11-11-2014,7
214,Mohini Sarma,Male,Nurse,Full-time,06-03-2012,7
215,Neelima Sankaran,Male,Nurse,Contract,26-07-2014,2
216,Rehaan Jani,Male,Pharmacist,Full-time,04-09-2025,6
217,Diya Sami,Male,Admin,Full-time,13-03-2015,11
218,Leela Dara,Female,Admin,Full-time,12-12-2014,4
219,Charan Goel,Female,Doctor,Contract,13-05-2011,10
220,Aahana Ganguly,Female,Nurse,Contract,29-01-2015,7
221,Frederick Shere,Female,Nurse,Full-time,02-01-2012,6
222,Vasudha Nath,Female,Nurse,Contract,30-01-2016,7
223,Samuel Bobal,Female,Nurse,Contract,08-09-2017,11
224,Zayan Savant,Male,Nurse,Full-time,30-09-2013,2
225,Ranbir Chandran,Female,Doctor,Full-time,27-07-2024,10
226,Yashoda Krishnamurthy,Male,Nurse,Contract,30-03-2016,5
227,Ishita Chowdhury,Female,Doctor,Contract,28-02-2025,4
228,Ekansh Nagi,Male,Doctor,Full-time,02-07-2014,11
229,Tanish Pai,Female,Pharmacist,Full-time,06-09-2024,6
230,Idika Dua,Female,Nurse,Full-time,08-11-2015,9
231,Noah Ratta,Female,Nurse,Contract,06-04-2024,2
232,Udant Bawa,Male,Doctor,Contract,11-01-2012,9
233,Sanya Sahota,Female,Doctor,Contract,28-07-2020,9
234,Jeevika Handa,Male,Technician,Contract,20-03-2013,6
235,Nathan Merchant,Female,Pharmacist,Full-time,15-12-2016,4
236,Falguni Bali,Male,Nurse,Contract,03-07-2023,2
237,Bina Kumer,Female,Technician,Full-time,19-12-2012,2
238,Garima Misra,Female,Nurse,Full-time,11-04-2015,4
239,Michael Dhar,Female,Admin,Full-time,28-01-2016,5
240,Saumya Pall,Male,Admin,Full-time,03-09-2011,7
241,Warda Comar,Male,Technician,Full-time,14-08-2015,5
242,Anmol Chauhan,Male,Nurse,Contract,22-06-2022,11
243,Aayush Nayar,Male,Pharmacist,Full-time,04-10-2024,5
244,Manbir Mohan,Male,Doctor,Full-time,14-08-2025,9
245,Samaksh Karpe,Male,Technician,Full-time,29-09-2015,7
246,Indrajit Borra,Female,Nurse,Contract,11-01-2019,3
247,Balendra Gola,Male,Admin,Full-time,16-08-2019,1
248,Harish Datta,Male,Nurse,Full-time,05-06-2020,5
249,Nisha Sengupta,Female,Doctor,Full-time,05-01-2023,9
250,Jonathan Kakar,Female,Doctor,Full-time,04-06-2011,11
251,Darsh Kata,Male,Nurse,Contract,26-06-2021,6
252,Geetika Mani,Female,Pharmacist,Contract,25-06-2011,10
253,Ati Babu,Female,Doctor,Contract,18-06-2025,7
254,Neha Dube,Female,Nurse,Full-time,13-09-2019,2
255,Zarna Datta,Male,Doctor,Full-time,15-05-2023,4
256,Joshua Rout,Female,Technician,Contract,26-09-2018,8
257,Daniel Sodhi,Male,Pharmacist,Full-time,26-09-2012,2
258,Vihaan Narang,Female,Pharmacist,Contract,21-04-2023,8
259,Jatin Dayal,Female,Technician,Contract,31-12-2013,3
260,Hamsini Misra,Female,Pharmacist,Contract,21-06-2025,7
261,Pallavi Pradhan,Female,Technician,Full-time,08-09-2023,10
262,Vinaya Manne,Male,Doctor,Full-time,25-09-2025,2
263,Rushil Shukla,Female,Admin,Full-time,22-06-2019,4
264,Fariq Shroff,Male,Admin,Full-time,02-11-2012,3
265,Zinal Sinha,Male,Doctor,Contract,06-01-2013,1
266,Ekantika Dugal,Male,Pharmacist,Full-time,17-04-2022,2
267,Jhalak Randhawa,Female,Admin,Full-time,24-09-2016,7
268,Isaac Oak,Female,Nurse,Contract,14-09-2020,7
269,Advay Chander,Male,Admin,Contract,25-03-2024,6
270,Lipika Arora,Male,Pharmacist,Contract,08-11-2018,10
271,Christopher Gade,Female,Technician,Full-time,29-08-2016,6
272,Nirja Kala,Female,Technician,Contract,13-06-2021,5
273,Banjeet Goyal,Female,Admin,Contract,28-07-2024,11
274,Garima Pandey,Male,Nurse,Contract,02-05-2017,4
275,Gopal Lad,Male,Technician,Full-time,15-07-2014,3
276,Harsh Mand,Female,Nurse,Contract,14-09-2022,10
277,Lohit Handa,Male,Nurse,Full-time,07-02-2025,1
278,Saksham Sehgal,Female,Technician,Contract,29-11-2011,5
279,Chandani Issac,Female,Pharmacist,Full-time,31-12-2016,5
280,Jairaj Munshi,Male,Technician,Contract,30-09-2014,2
281,Amrita Panchal,Female,Admin,Contract,07-06-2022,7
282,Neel Sridhar,Female,Pharmacist,Contract,27-07-2019,7
283,Azad Rao,Female,Doctor,Full-time,08-07-2016,3
284,Harsh Misra,Female,Technician,Contract,17-09-2014,6
285,Zashil Joshi,Female,Nurse,Contract,13-10-2022,2
286,Lila Batta,Female,Nurse,Contract,10-03-2022,10
287,Keya Bahl,Female,Pharmacist,Full-time,01-01-2015,4
288,Forum Bains,Male,Technician,Full-time,21-12-2018,7
289,Chanakya Brahmbhatt,Male,Pharmacist,Full-time,14-01-2023,9
290,Wakeeta Oza,Male,Admin,Full-time,06-01-2016,6
291,Frederick Talwar,Female,Doctor,Contract,05-05-2020,10
292,Radhika D’Alia,Female,Nurse,Contract,06-03-2019,2
293,Caleb Ray,Female,Technician,Full-time,12-02-2022,3
294,Anya Mangal,Male,Admin,Full-time,19-09-2011,11
295,Harshil Rai,Female,Nurse,Full-time,29-12-2017,2
296,Zehaan Ben,Female,Admin,Contract,17-09-2021,6
297,Daniel Pandey,Male,Pharmacist,Full-time,11-05-2025,11
298,Andrew Sachdev,Female,Nurse,Contract,21-05-2015,9
299,Warinder Naik,Male,Admin,Contract,06-11-2021,2
300,Warinder Pau,Male,Nurse,Full-time,13-07-2023,6
301,Ladli Mahal,Male,Doctor,Full-time,29-07-2022,5
302,Tripti Mohanty,Female,Pharmacist,Contract,03-06-2025,11
303,Bhavna Sangha,Female,Pharmacist,Contract,26-09-2013,8
304,Turvi Kala,Female,Technician,Contract,21-07-2022,10
305,Varenya Tak,Female,Pharmacist,Contract,19-06-2013,8
306,Dominic Bahl,Male,Admin,Full-time,04-09-2017,9
307,Unnati Dugal,Female,Pharmacist,Full-time,24-05-2015,8
308,Nachiket Hayer,Female,Nurse,Contract,21-12-2022,9
309,Ekavir Dua,Female,Admin,Contract,20-01-2024,2
310,Neelima Khare,Female,Technician,Contract,22-04-2015,9
311,Oeshi Chana,Male,Nurse,Full-time,15-08-2014,1
312,Baghyawati Dhillon,Male,Technician,Full-time,24-01-2020,3
313,Shaurya Sathe,Female,Technician,Full-time,22-11-2023,2
314,Ikbal Seshadri,Female,Admin,Full-time,04-02-2012,8
315,Upadhriti Kumar,Male,Admin,Full-time,04-07-2016,1
316,Rushil Chacko,Female,Pharmacist,Full-time,14-12-2018,2
317,Girish Sule,Female,Pharmacist,Full-time,17-05-2023,7
318,Wazir Balay,Female,Pharmacist,Full-time,02-11-2013,9
319,Jeremiah Jayaraman,Female,Doctor,Full-time,12-04-2019,9
320,Vedant Palla,Female,Technician,Contract,16-02-2017,1
321,Arya Oak,Female,Doctor,Contract,13-07-2020,9
322,Brinda Borah,Male,Nurse,Full-time,11-11-2019,3
323,Aarnav Bedi,Male,Pharmacist,Contract,22-05-2014,8
324,Chandani Kashyap,Female,Pharmacist,Full-time,09-09-2011,5
325,Urvi Narayanan,Female,Technician,Full-time,01-10-2011,1
326,Kamala Nadkarni,Female,Technician,Full-time,14-09-2018,4
327,Simon Pau,Female,Doctor,Contract,02-06-2018,9
328,Rudra Sridhar,Female,Technician,Full-time,19-01-2023,3
329,Chandani Dani,Female,Admin,Contract,29-12-2020,5
330,Forum Som,Female,Nurse,Contract,05-02-2025,11
331,Samuel Agrawal,Male,Pharmacist,Full-time,12-08-2022,2
332,Neel Sarraf,Female,Pharmacist,Full-time,22-04-2015,8
333,Hitesh Andra,Female,Nurse,Full-time,18-03-2013,3
334,Om Shankar,Female,Technician,Full-time,27-06-2019,10
335,Kavya Wali,Male,Admin,Contract,26-02-2019,4
336,Xavier Dubey,Female,Pharmacist,Full-time,13-06-2025,8
337,Girish Agarwal,Male,Doctor,Contract,17-01-2024,1
338,David Suri,Male,Nurse,Contract,14-05-2013,4
339,Vinaya Brar,Male,Admin,Contract,28-03-2025,8
340,Chanakya Vala,Female,Pharmacist,Full-time,13-07-2025,11
341,Aradhana Bajaj,Male,Technician,Contract,18-12-2015,1
342,Orinder Tara,Female,Pharmacist,Contract,18-02-2018,2
343,Nakul Ramesh,Female,Technician,Full-time,23-04-2014,1
344,Ranbir Dugar,Female,Admin,Full-time,21-06-2025,7
345,Naveen Wadhwa,Male,Pharmacist,Full-time,27-05-2016,5
346,Baghyawati Boase,Male,Doctor,Full-time,21-10-2012,8
347,Riya Nagarajan,Male,Technician,Contract,09-01-2019,2
348,Aayush Bedi,Male,Technician,Contract,22-09-2022,1
349,Aadi Raval,Male,Admin,Full-time,06-07-2012,1
350,Abeer Bhatti,Male,Pharmacist,Full-time,21-10-2023,4
351,Leela Misra,Female,Pharmacist,Full-time,18-02-2015,1
352,Dipta Menon,Male,Admin,Full-time,22-01-2017,8
353,Pooja Butala,Female,Technician,Contract,04-11-2015,8
354,Yash Bhatti,Male,Admin,Full-time,12-05-2017,11
355,Ojas Ganguly,Female,Admin,Contract,22-12-2022,10
356,Lekha Chowdhury,Female,Doctor,Full-time,18-02-2019,1
357,Samarth Sachar,Female,Technician,Full-time,15-04-2025,5
358,Om Prabhu,Female,Admin,Contract,11-11-2016,2
359,Deepa Ghosh,Female,Doctor,Contract,22-10-2014,11
360,Rajeshri Biswas,Male,Doctor,Full-time,22-12-2011,10
361,Tanmayi Kibe,Female,Admin,Contract,29-03-2013,5
362,Aachal Pradhan,Female,Doctor,Contract,28-01-2024,2
363,Netra Soni,Male,Admin,Contract,23-01-2025,2
364,Yashawini Merchant,Female,Doctor,Contract,07-11-2020,10
365,Hredhaan Sathe,Male,Admin,Full-time,15-10-2025,2
366,Leela Madan,Female,Pharmacist,Full-time,11-05-2023,5
367,Mohammed Doshi,Male,Technician,Full-time,31-03-2024,10
368,Chandani Ratti,Male,Doctor,Full-time,14-01-2020,7
369,Zashil Natarajan,Female,Admin,Contract,31-12-2025,8
370,Harshil Goswami,Female,Technician,Contract,27-11-2011,10
371,Xiti Deep,Female,Nurse,Full-time,30-04-2013,3
372,Anusha Mani,Male,Doctor,Contract,26-05-2011,7
373,Lakshit Doshi,Female,Pharmacist,Full-time,05-04-2015,8
374,Vritti Acharya,Female,Admin,Contract,17-06-2019,7
375,Alka Buch,Female,Pharmacist,Full-time,26-11-2022,3
376,Ekantika Shah,Female,Pharmacist,Contract,29-06-2025,4
377,Ranbir Agrawal,Male,Pharmacist,Full-time,20-05-2025,10
378,Harrison Devi,Male,Nurse,Contract,30-04-2021,8
379,Pranit Parmer,Female,Doctor,Contract,10-12-2025,8
380,Tanish Ghose,Male,Admin,Contract,08-10-2021,9
381,Garima Luthra,Male,Doctor,Full-time,24-10-2025,1
382,Om Tripathi,Female,Pharmacist,Full-time,25-05-2023,4
383,Dalaja Manda,Male,Pharmacist,Full-time,24-06-2017,10
384,Arya Goswami,Male,Pharmacist,Full-time,18-09-2022,3
385,Pratyush Mann,Male,Technician,Contract,24-09-2018,6
386,Chatura Memon,Male,Technician,Contract,19-04-2023,3
387,Onveer Memon,Female,Doctor,Full-time,11-11-2021,11
388,Ekavir Chahal,Female,Admin,Full-time,08-10-2018,9
389,Advik Magar,Male,Pharmacist,Full-time,20-05-2016,9
390,Chandresh Saxena,Female,Technician,Contract,21-09-2019,10
391,Eiravati Dua,Female,Technician,Contract,05-09-2014,4
392,Saanvi Prabhu,Male,Admin,Contract,24-07-2023,5
393,Urishilla Bhattacharyya,Female,Doctor,Contract,06-04-2020,11
394,Liam Walla,Male,Technician,Contract,26-10-2022,11
395,Upadhriti More,Female,Nurse,Contract,15-11-2021,3
396,Nilima Varkey,Male,Doctor,Contract,30-04-2021,1
397,Girik Hora,Male,Doctor,Contract,17-08-2021,6
398,Pavani Mahajan,Female,Doctor,Contract,01-06-2021,1
399,Indali Kakar,Male,Admin,Contract,20-02-2017,6
400,Aarna Swaminathan,Male,Technician,Full-time,30-08-2017,7
401,Niharika Balasubramanian,Male,Technician,Contract,10-01-2022,7
402,Unni Parsa,Female,Technician,Full-time,28-01-2017,7
403,Dalaja Kulkarni,Female,Pharmacist,Full-time,29-10-2015,10
404,Amrita Khalsa,Female,Nurse,Contract,25-10-2012,3
405,Ishita Chahal,Female,Technician,Contract,06-05-2018,6
406,Nachiket Sarna,Female,Pharmacist,Full-time,21-02-2015,9
407,Oni Keer,Female,Doctor,Contract,21-08-2021,6
408,Bhavna Jha,Male,Nurse,Full-time,23-08-2020,6
409,Jalsa Lalla,Male,Doctor,Full-time,09-07-2018,3
410,Jack Iyengar,Male,Admin,Contract,14-03-2011,3
411,Omkaar Bhatnagar,Female,Admin,Full-time,20-05-2021,2
412,Zaitra Dewan,Male,Nurse,Contract,04-06-2014,7
413,Omaja Manda,Female,Doctor,Full-time,03-02-2017,9
414,Edhitha Dube,Male,Technician,Full-time,01-05-2013,3
415,Tristan Bumb,Male,Admin,Contract,01-05-2020,7
416,Jacob Das,Male,Admin,Full-time,24-12-2022,11
417,Qushi Das,Female,Technician,Contract,01-10-2024,5
418,Lajita Bhargava,Female,Admin,Contract,25-05-2017,4
419,Logan Randhawa,Male,Nurse,Contract,23-08-2012,3
420,Ekiya Mital,Male,Technician,Full-time,30-11-2015,8
421,Yutika Bose,Female,Technician,Full-time,16-10-2025,2
422,Triya Shetty,Female,Doctor,Full-time,09-02-2015,4
423,Balvan Jani,Female,Nurse,Full-time,23-02-2011,9
424,Warhi Kumer,Female,Technician,Contract,19-10-2025,9
425,Arunima Saraf,Male,Doctor,Full-time,01-05-2025,8
426,Ranveer Salvi,Male,Admin,Full-time,11-03-2020,5
427,Varsha Bandi,Female,Admin,Contract,12-05-2013,8
428,Logan Morar,Male,Doctor,Contract,05-01-2021,2
429,Vivaan Mall,Female,Admin,Full-time,06-12-2022,2
430,Charita Raju,Male,Pharmacist,Full-time,30-04-2025,4
431,Ridhi Khosla,Female,Technician,Full-time,25-11-2023,1
432,Ojas Bahl,Male,Nurse,Full-time,24-08-2014,4
433,Ira Dara,Male,Nurse,Full-time,16-09-2015,7
434,Pranit Oza,Male,Nurse,Contract,16-03-2022,7
435,Chaman Bhandari,Female,Technician,Contract,09-02-2018,7
436,Pavani Ahluwalia,Female,Doctor,Contract,12-06-2011,5
437,Manbir Narasimhan,Female,Nurse,Contract,10-07-2012,11
438,Azad Buch,Female,Technician,Full-time,13-02-2012,8
439,Ekta Virk,Female,Nurse,Full-time,22-10-2011,3
440,Urvi Anne,Male,Pharmacist,Full-time,17-04-2021,4
441,Kashvi Nori,Male,Admin,Full-time,11-07-2018,8
442,Ekani Ramakrishnan,Female,Nurse,Full-time,07-06-2011,5
443,Nandini Wali,Female,Admin,Full-time,15-06-2023,6
444,Tripti Mane,Female,Admin,Contract,31-07-2021,9
445,Azad Vora,Male,Pharmacist,Full-time,09-10-2021,7
446,Divya Kibe,Female,Technician,Full-time,29-10-2016,6
447,Nidra Sarma,Female,Technician,Contract,25-09-2013,2
448,Tarak Wali,Male,Nurse,Contract,23-09-2024,2
449,Damini Deol,Female,Doctor,Full-time,11-01-2020,8
450,Akshay Handa,Female,Admin,Full-time,22-12-2017,11
451,Benjamin Johal,Female,Nurse,Full-time,15-03-2017,7
452,Nitara Nagy,Male,Nurse,Contract,01-07-2012,10
453,Janaki Gaba,Male,Admin,Contract,23-02-2021,1
454,Krisha Kara,Male,Technician,Full-time,09-03-2023,6
455,Rachit Lad,Male,Doctor,Full-time,06-06-2024,7
456,Chanchal Sankar,Male,Technician,Contract,26-12-2020,7
457,Ansh Dasgupta,Male,Technician,Full-time,21-11-2023,1
458,Zarna Bhattacharyya,Female,Nurse,Contract,09-11-2025,1
459,Rachita Kaul,Male,Nurse,Contract,18-12-2022,5
460,Janaki Narang,Female,Admin,Full-time,15-03-2023,7
461,Girish Tandon,Male,Admin,Contract,05-03-2019,9
462,Prisha Kibe,Female,Technician,Full-time,11-03-2018,4
463,Mason Sarkar,Female,Technician,Full-time,30-11-2024,3
464,Wyatt Solanki,Female,Technician,Contract,27-02-2023,11
465,Yatan Bail,Female,Technician,Full-time,21-12-2021,7
466,Yagnesh Dave,Male,Technician,Full-time,06-04-2023,5
467,Aayush Maharaj,Female,Technician,Full-time,06-11-2013,11
468,Tamanna Chakrabarti,Female,Doctor,Contract,30-11-2018,8
469,Bachittar Buch,Female,Pharmacist,Contract,16-03-2019,10
470,Tejas Kota,Male,Pharmacist,Full-time,25-08-2018,1
471,Chasmum Balan,Female,Pharmacist,Contract,20-02-2017,1
472,Netra Purohit,Female,Doctor,Full-time,08-06-2018,6
473,Chanakya Sagar,Male,Doctor,Full-time,15-05-2013,5
474,Gopal Rege,Female,Pharmacist,Full-time,10-11-2014,1
475,Yagnesh Sami,Female,Nurse,Contract,15-07-2023,10
476,Vamakshi Mohanty,Male,Admin,Contract,10-10-2012,2
477,Jasmit Bansal,Male,Pharmacist,Full-time,09-08-2016,1
478,Ria Sarna,Female,Pharmacist,Full-time,14-08-2017,3
479,Darpan Lata,Male,Pharmacist,Contract,07-12-2017,8
480,Kashvi Kothari,Female,Nurse,Full-time,13-01-2025,11
481,Urvi Goyal,Male,Nurse,Full-time,22-01-2017,5
482,Warinder Kothari,Male,Nurse,Full-time,18-11-2024,5
483,Oliver Bhasin,Male,Pharmacist,Full-time,18-04-2018,8
484,Balvan Som,Male,Doctor,Contract,22-03-2024,1
485,Lipika Sarma,Male,Nurse,Contract,13-03-2020,3
486,Zaid Singhal,Female,Doctor,Full-time,29-08-2021,7
487,Deepa Memon,Female,Technician,Full-time,01-07-2012,2
488,Urvi Goel,Female,Doctor,Contract,16-07-2021,6
489,Manya Bahri,Male,Admin,Full-time,25-12-2019,3
490,Omkaar Arya,Male,Pharmacist,Full-time,02-08-2025,2
491,Triveni Kaur,Male,Pharmacist,Contract,05-09-2016,3
492,Chatura Raman,Male,Admin,Contract,22-01-2026,8
493,Bhavya Goswami,Female,Doctor,Contract,09-03-2011,6
494,Rayaan Shetty,Female,Doctor,Full-time,02-03-2019,8
495,Madhavi Pillay,Male,Technician,Contract,11-11-2016,10
496,Krishna Chahal,Male,Pharmacist,Full-time,01-07-2011,10
497,Madhavi Tella,Female,Doctor,Contract,04-05-2012,2
498,Tarak Patla,Female,Doctor,Contract,16-06-2017,11
499,Naksh More,Male,Pharmacist,Full-time,09-08-2011,1
500,Yadavi Mahajan,Female,Technician,Full-time,17-09-2014,2
