Nurse_ID,Nurse_First_Name,Nurse_Last_Name,Gender,Department_ID,Department_Name,Qualification,Experience_Years,Salary,Phone,Email
N0001,Wishi,Wason,Female,101,Cardiology,B.Sc Nursing,24,54385,1233160308,wishi.wason@hospital.com
N0002,Hiral,Prabhu,Female,101,Cardiology,B.Sc Nursing,12,53448,03114021530,hiral.prabhu@hospital.com
N0003,Abhimanyu,Mandal,Male,101,Cardiology,B.Sc Nursing,10,30406,+912761778128,abhimanyu.mandal@hospital.com
N0004,Kritika,Korpal,Female,101,Cardiology,B.Sc Nursing,1,61218,+913454223177,kritika.korpal@hospital.com
N0005,Yauvani,Choudhary,Female,101,Cardiology,GNM,10,79934,02142765657,yauvani.choudhary@hospital.com
N0006,Alka,Sridhar,Female,101,Cardiology,GNM,24,30803,02141635021,alka.sridhar@hospital.com
N0007,Meghana,Grover,Female,101,Cardiology,B.Sc Nursing,17,64487,+910611410645,meghana.grover@hospital.com
N0008,Om,Thakur,Male,101,Cardiology,B.Sc Nursing,24,33568,+910094124451,om.thakur@hospital.com
N0009,Riya,Chatterjee,Female,101,Cardiology,GNM,11,67421,4653709238,riya.chatterjee@hospital.com
N0010,Warinder,Vasa,Male,101,Cardiology,GNM,9,69825,+912323677098,warinder.vasa@hospital.com
N0011,Reva,Jani,Female,101,Cardiology,B.Sc Nursing,18,48869,02517013588,reva.jani@hospital.com
N0012,Chakradev,Dugar,Male,101,Cardiology,M.Sc Nursing,4,44454,+915552489930,chakradev.dugar@hospital.com
N0013,Yashawini,Sodhi,Female,101,Cardiology,B.Sc Nursing,13,67246,+913016188041,yashawini.sodhi@hospital.com
N0014,Charles,Golla,Male,101,Cardiology,GNM,14,69038,+912610906102,charles.golla@hospital.com
N0015,Robert,Sinha,Male,101,Cardiology,GNM,13,65797,06977803493,robert.sinha@hospital.com
N0016,Damini,Sarin,Female,101,Cardiology,GNM,1,70990,+919348355749,damini.sarin@hospital.com
N0017,Alexander,Om,Male,101,Cardiology,B.Sc Nursing,11,30441,04717715564,alexander.om@hospital.com
N0018,Yutika,Puri,Female,101,Cardiology,GNM,24,55674,03224696318,yutika.puri@hospital.com
N0019,Chandresh,Nanda,Male,101,Cardiology,GNM,4,42133,9960993263,chandresh.nanda@hospital.com
N0020,Jeremiah,Hayre,Male,101,Cardiology,B.Sc Nursing,8,27553,+919262048240,jeremiah.hayre@hospital.com
N0021,Daksh,Palan,Male,101,Cardiology,B.Sc Nursing,18,79587,+911738101897,daksh.palan@hospital.com
N0022,Kashvi,Jha,Female,101,Cardiology,GNM,25,62583,2471525899,kashvi.jha@hospital.com
N0023,Sudiksha,Soman,Female,101,Cardiology,B.Sc Nursing,19,44730,+919031697281,sudiksha.soman@hospital.com
N0024,Yashodhara,Pingle,Female,101,Cardiology,M.Sc Nursing,12,69095,8407343190,yashodhara.pingle@hospital.com
N0025,Peter,Sem,Male,101,Cardiology,B.Sc Nursing,21,70457,3469867589,peter.sem@hospital.com
N0026,Vritti,Bhat,Female,101,Cardiology,M.Sc Nursing,18,41071,+915422709557,vritti.bhat@hospital.com
N0027,Vasatika,Dugar,Female,101,Cardiology,GNM,13,25591,+910536889089,vasatika.dugar@hospital.com
N0028,Upma,Mahajan,Female,101,Cardiology,M.Sc Nursing,21,31257,+915382018776,upma.mahajan@hospital.com
N0029,Upkaar,Buch,Male,101,Cardiology,B.Sc Nursing,21,64120,+919441153091,upkaar.buch@hospital.com
N0030,Falan,Tak,Male,101,Cardiology,GNM,9,33043,0736620627,falan.tak@hospital.com
N0031,Edhitha,Kuruvilla,Female,101,Cardiology,B.Sc Nursing,11,63508,07099674507,edhitha.kuruvilla@hospital.com
N0032,Bhavini,Sankaran,Female,101,Cardiology,M.Sc Nursing,12,49503,+913925265557,bhavini.sankaran@hospital.com
N0033,Omkaar,Sawhney,Male,101,Cardiology,B.Sc Nursing,3,29841,08112005655,omkaar.sawhney@hospital.com
N0034,Oscar,Kohli,Male,101,Cardiology,B.Sc Nursing,12,74777,+914074393872,oscar.kohli@hospital.com
N0035,Umang,Andra,Male,101,Cardiology,M.Sc Nursing,18,66381,05933592423,umang.andra@hospital.com
N0036,Netra,Krishna,Female,102,Neurology,B.Sc Nursing,20,31759,2328901710,netra.krishna@hospital.com
N0037,Rushil,Jaggi,Male,102,Neurology,GNM,2,72810,08118689383,rushil.jaggi@hospital.com
N0038,Pavani,Lad,Female,102,Neurology,GNM,14,51353,+914571284038,pavani.lad@hospital.com
N0039,Lekha,Bhatia,Female,102,Neurology,GNM,22,41020,08870491931,lekha.bhatia@hospital.com
N0040,Vedhika,Kanda,Female,102,Neurology,B.Sc Nursing,20,38604,+913351950962,vedhika.kanda@hospital.com
N0041,Ijaya,Koshy,Female,102,Neurology,GNM,15,56818,04059389833,ijaya.koshy@hospital.com
N0042,Indira,Kade,Female,102,Neurology,GNM,9,63413,08733580582,indira.kade@hospital.com
N0043,Zilmil,Nori,Female,102,Neurology,B.Sc Nursing,1,53606,8148805951,zilmil.nori@hospital.com
N0044,Parth,Oommen,Male,102,Neurology,B.Sc Nursing,14,49678,07464227300,parth.oommen@hospital.com
N0045,Sarthak,Khatri,Male,102,Neurology,M.Sc Nursing,19,26609,04704870428,sarthak.khatri@hospital.com
N0046,Anya,Madan,Female,102,Neurology,GNM,11,48545,8919294476,anya.madan@hospital.com
N0047,Jalsa,Hayre,Female,102,Neurology,B.Sc Nursing,7,69964,7799380470,jalsa.hayre@hospital.com
N0048,Deepa,Kohli,Female,102,Neurology,GNM,1,66454,+913760491917,deepa.kohli@hospital.com
N0049,Vinaya,Bail,Female,102,Neurology,M.Sc Nursing,13,67268,07973108027,vinaya.bail@hospital.com
N0050,Bhavya,Kari,Female,102,Neurology,GNM,18,43685,02255784190,bhavya.kari@hospital.com
N0051,Jeet,Dixit,Male,102,Neurology,M.Sc Nursing,7,51837,+912113886918,jeet.dixit@hospital.com
N0052,Samaksh,Sant,Male,102,Neurology,M.Sc Nursing,9,68848,+917094195724,samaksh.sant@hospital.com
N0053,Chaitanya,Roy,Male,102,Neurology,GNM,5,61952,5845369810,chaitanya.roy@hospital.com
N0054,Priya,Iyengar,Female,102,Neurology,M.Sc Nursing,14,68631,4053474923,priya.iyengar@hospital.com
N0055,Anvi,Zacharia,Female,102,Neurology,M.Sc Nursing,3,79518,+910799345651,anvi.zacharia@hospital.com
N0056,Isaac,Bala,Male,102,Neurology,M.Sc Nursing,11,43919,02674533962,isaac.bala@hospital.com
N0057,Nathan,Brar,Male,102,Neurology,GNM,12,48015,08027152273,nathan.brar@hospital.com
N0058,Warda,Edwin,Female,102,Neurology,GNM,17,65106,2638617168,warda.edwin@hospital.com
N0059,Azad,Hans,Male,102,Neurology,GNM,10,79799,3581781052,azad.hans@hospital.com
N0060,Neha,Nagi,Female,102,Neurology,M.Sc Nursing,8,75908,+913578354211,neha.nagi@hospital.com
N0061,Irya,Nigam,Female,102,Neurology,M.Sc Nursing,10,49561,09614440057,irya.nigam@hospital.com
N0062,Widisha,Mitter,Female,102,Neurology,B.Sc Nursing,18,38328,+911522791107,widisha.mitter@hospital.com
N0063,Michael,Saran,Male,102,Neurology,GNM,2,54519,05065302006,michael.saran@hospital.com
N0064,Samaksh,Palan,Male,103,Orthopedics,GNM,6,60223,2320420422,samaksh.palan@hospital.com
N0065,Liam,Shroff,Male,103,Orthopedics,GNM,1,35268,+914284850136,liam.shroff@hospital.com
N0066,Wyatt,Devi,Male,103,Orthopedics,GNM,25,69126,05089320085,wyatt.devi@hospital.com
N0067,Vaishnavi,Naidu,Female,103,Orthopedics,B.Sc Nursing,3,34644,+911932694464,vaishnavi.naidu@hospital.com
N0068,Januja,Chaudhary,Female,103,Orthopedics,B.Sc Nursing,25,44036,+912912097658,januja.chaudhary@hospital.com
N0069,Hredhaan,Parmer,Male,103,Orthopedics,GNM,13,28533,01786208927,hredhaan.parmer@hospital.com
N0070,Yug,Handa,Male,103,Orthopedics,M.Sc Nursing,5,55261,08329480742,yug.handa@hospital.com
N0071,Sai,Thakkar,Male,103,Orthopedics,M.Sc Nursing,19,46900,0175017754,sai.thakkar@hospital.com
N0072,Varsha,Pall,Female,103,Orthopedics,M.Sc Nursing,24,73062,+913168157366,varsha.pall@hospital.com
N0073,Nimrat,Atwal,Female,103,Orthopedics,GNM,9,33731,9680120039,nimrat.atwal@hospital.com
N0074,Advaith,Wagle,Male,103,Orthopedics,GNM,2,53253,1970476595,advaith.wagle@hospital.com
N0075,Manbir,Mani,Male,103,Orthopedics,M.Sc Nursing,14,67440,+918888503721,manbir.mani@hospital.com
N0076,Ishani,Bala,Female,103,Orthopedics,B.Sc Nursing,24,71053,01808482960,ishani.bala@hospital.com
N0077,Meghana,Saini,Female,103,Orthopedics,B.Sc Nursing,8,40554,+910873843221,meghana.saini@hospital.com
N0078,Qadim,Raman,Male,103,Orthopedics,B.Sc Nursing,17,65836,+914397682523,qadim.raman@hospital.com
N0079,Yashica,Chandran,Female,103,Orthopedics,B.Sc Nursing,11,61699,04743299557,yashica.chandran@hospital.com
N0080,Raagini,Munshi,Female,103,Orthopedics,M.Sc Nursing,15,65363,+918350654139,raagini.munshi@hospital.com
N0081,Amruta,Sinha,Female,103,Orthopedics,B.Sc Nursing,24,41304,4432979202,amruta.sinha@hospital.com
N0082,Ekapad,Grewal,Male,103,Orthopedics,M.Sc Nursing,4,66987,+912370322888,ekapad.grewal@hospital.com
N0083,Vritti,Bhargava,Female,103,Orthopedics,B.Sc Nursing,1,76230,2600520610,vritti.bhargava@hospital.com
N0084,Maanas,Chopra,Male,103,Orthopedics,B.Sc Nursing,5,70544,+916977753238,maanas.chopra@hospital.com
N0085,Shravya,Handa,Female,103,Orthopedics,M.Sc Nursing,22,36130,7736421785,shravya.handa@hospital.com
N0086,Vrishti,Dyal,Female,103,Orthopedics,B.Sc Nursing,17,77286,+918043691742,vrishti.dyal@hospital.com
N0087,Hitesh,Bera,Male,103,Orthopedics,B.Sc Nursing,11,68363,8691918098,hitesh.bera@hospital.com
N0088,Charles,Som,Male,103,Orthopedics,M.Sc Nursing,12,71411,05527537004,charles.som@hospital.com
N0089,Christopher,Bandi,Male,103,Orthopedics,GNM,11,32885,+913362864116,christopher.bandi@hospital.com
N0090,Dev,Swaminathan,Male,103,Orthopedics,GNM,23,35791,00389313649,dev.swaminathan@hospital.com
N0091,Aishani,Kohli,Female,103,Orthopedics,M.Sc Nursing,21,34720,05716889729,aishani.kohli@hospital.com
N0092,Indrajit,Bora,Male,103,Orthopedics,GNM,12,36591,0101855405,indrajit.bora@hospital.com
N0093,Watika,Lad,Female,103,Orthopedics,B.Sc Nursing,3,36496,08703817174,watika.lad@hospital.com
N0094,Wyatt,Mannan,Male,104,Emergency,GNM,24,48163,0792328533,wyatt.mannan@hospital.com
N0095,Warhi,Kothari,Female,104,Emergency,B.Sc Nursing,18,37017,02305762072,warhi.kothari@hospital.com
N0096,Sanya,Ray,Female,104,Emergency,B.Sc Nursing,18,77100,3185852186,sanya.ray@hospital.com
N0097,Ekavir,Pingle,Male,104,Emergency,M.Sc Nursing,12,31506,+919563948742,ekavir.pingle@hospital.com
N0098,Ekani,Kumar,Female,104,Emergency,GNM,24,57328,+914909342692,ekani.kumar@hospital.com
N0099,Samarth,Kant,Male,104,Emergency,M.Sc Nursing,10,39404,04483041054,samarth.kant@hospital.com
N0100,Pahal,Wagle,Female,104,Emergency,B.Sc Nursing,2,36588,6019377286,pahal.wagle@hospital.com
N0101,Zaid,Nadig,Male,104,Emergency,GNM,18,45876,6680734571,zaid.nadig@hospital.com
N0102,Alka,Shetty,Female,104,Emergency,B.Sc Nursing,7,35046,+917806550264,alka.shetty@hospital.com
N0103,Vyanjana,Desai,Female,104,Emergency,B.Sc Nursing,11,79323,+913146420207,vyanjana.desai@hospital.com
N0104,Siya,Parmar,Female,104,Emergency,M.Sc Nursing,25,33234,09667581343,siya.parmar@hospital.com
N0105,Manbir,Madan,Male,104,Emergency,M.Sc Nursing,19,77260,07623696637,manbir.madan@hospital.com
N0106,Tanay,Dar,Male,104,Emergency,B.Sc Nursing,8,46984,+910459776740,tanay.dar@hospital.com
N0107,Jonathan,Pall,Male,104,Emergency,M.Sc Nursing,10,59449,+916925191155,jonathan.pall@hospital.com
N0108,Upadhriti,Oza,Female,104,Emergency,M.Sc Nursing,11,71323,+919278136248,upadhriti.oza@hospital.com
N0109,Aashi,Lata,Female,104,Emergency,M.Sc Nursing,18,64194,07793383950,aashi.lata@hospital.com
N0110,Forum,Sheth,Female,104,Emergency,GNM,11,34365,6263141350,forum.sheth@hospital.com
N0111,Inaya,Seshadri,Female,104,Emergency,GNM,13,75426,5141201190,inaya.seshadri@hospital.com
N0112,Reyansh,Tak,Male,104,Emergency,B.Sc Nursing,21,63159,03685237476,reyansh.tak@hospital.com
N0113,Divya,D’Alia,Female,104,Emergency,B.Sc Nursing,5,53537,05849738400,divya.d’alia@hospital.com
N0114,Yochana,Choudhry,Female,104,Emergency,GNM,25,44991,+910521240766,yochana.choudhry@hospital.com
N0115,Warda,Virk,Female,104,Emergency,B.Sc Nursing,10,37162,01986645338,warda.virk@hospital.com
N0116,Irya,Shah,Female,104,Emergency,GNM,19,79742,+913107476031,irya.shah@hospital.com
N0117,Anmol,Singh,Male,104,Emergency,GNM,21,27908,07353396414,anmol.singh@hospital.com
N0118,Mohammed,Chana,Male,104,Emergency,B.Sc Nursing,7,28783,+917579880272,mohammed.chana@hospital.com
N0119,Ayush,Hegde,Male,104,Emergency,M.Sc Nursing,21,56378,02512098755,ayush.hegde@hospital.com
N0120,Nimrat,Ratta,Female,104,Emergency,M.Sc Nursing,18,46240,00047587012,nimrat.ratta@hospital.com
N0121,Yochana,Bahl,Female,104,Emergency,GNM,4,78159,7034116386,yochana.bahl@hospital.com
N0122,Balhaar,Banik,Male,104,Emergency,B.Sc Nursing,14,54225,+910830153527,balhaar.banik@hospital.com
N0123,Advay,Bath,Male,104,Emergency,B.Sc Nursing,2,59299,5608863841,advay.bath@hospital.com
N0124,Rehaan,Dey,Male,104,Emergency,M.Sc Nursing,5,66598,4194474690,rehaan.dey@hospital.com
N0125,Radha,Tandon,Female,104,Emergency,M.Sc Nursing,20,26299,2321839576,radha.tandon@hospital.com
N0126,Orinder,Hegde,Male,104,Emergency,GNM,23,56509,9335624195,orinder.hegde@hospital.com
N0127,Chakrika,Shukla,Female,104,Emergency,GNM,19,62478,6318927869,chakrika.shukla@hospital.com
N0128,Rajeshri,Sachar,Female,104,Emergency,GNM,3,62293,7967379956,rajeshri.sachar@hospital.com
N0129,Yoshita,Bali,Female,104,Emergency,GNM,13,69856,8596652163,yoshita.bali@hospital.com
N0130,Nidra,Vora,Female,104,Emergency,B.Sc Nursing,15,38409,08648010511,nidra.vora@hospital.com
N0131,Yashawini,Mane,Female,104,Emergency,GNM,6,26534,+916410220583,yashawini.mane@hospital.com
N0132,Oeshi,Naidu,Female,104,Emergency,B.Sc Nursing,1,74731,7880835262,oeshi.naidu@hospital.com
N0133,Vanya,Konda,Female,104,Emergency,B.Sc Nursing,3,28137,8276067062,vanya.konda@hospital.com
N0134,Rajeshri,Agrawal,Female,104,Emergency,GNM,19,57078,1792611980,rajeshri.agrawal@hospital.com
N0135,Nicholas,Sarkar,Male,104,Emergency,M.Sc Nursing,10,56838,0699323236,nicholas.sarkar@hospital.com
N0136,Xalak,Khatri,Female,104,Emergency,GNM,5,63806,05401973111,xalak.khatri@hospital.com
N0137,Harinakshi,Bajaj,Female,104,Emergency,M.Sc Nursing,23,68064,2722163174,harinakshi.bajaj@hospital.com
N0138,Charvi,Kapoor,Female,104,Emergency,M.Sc Nursing,20,37365,9273340958,charvi.kapoor@hospital.com
N0139,Siya,Konda,Female,104,Emergency,B.Sc Nursing,2,32124,04692326624,siya.konda@hospital.com
N0140,Forum,Samra,Female,104,Emergency,B.Sc Nursing,18,38886,03907426633,forum.samra@hospital.com
N0141,Yamini,Chad,Female,104,Emergency,B.Sc Nursing,22,66853,+912800237060,yamini.chad@hospital.com
N0142,Indira,Bora,Female,104,Emergency,GNM,14,60264,01733612393,indira.bora@hospital.com
N0143,Isha,Chand,Female,104,Emergency,B.Sc Nursing,3,32754,9454975152,isha.chand@hospital.com
N0144,Kavya,Wagle,Female,105,General Medicine,M.Sc Nursing,5,73593,5897250671,kavya.wagle@hospital.com
N0145,Jeevika,Dhar,Female,105,General Medicine,B.Sc Nursing,22,30707,+913709031346,jeevika.dhar@hospital.com
N0146,Nimrat,Manne,Female,105,General Medicine,M.Sc Nursing,18,72739,+919015339583,nimrat.manne@hospital.com
N0147,Ijaya,Deol,Female,105,General Medicine,GNM,10,77106,6509012818,ijaya.deol@hospital.com
N0148,Mitesh,Walla,Male,105,General Medicine,B.Sc Nursing,1,42295,3645903006,mitesh.walla@hospital.com
N0149,Viraj,Bir,Male,105,General Medicine,GNM,8,38218,3468060656,viraj.bir@hospital.com
N0150,Bhavini,Dhillon,Female,105,General Medicine,B.Sc Nursing,15,41321,+917472672340,bhavini.dhillon@hospital.com
N0151,Urishilla,Zacharia,Female,105,General Medicine,B.Sc Nursing,20,32141,7727538668,urishilla.zacharia@hospital.com
N0152,Watika,Bhakta,Female,105,General Medicine,B.Sc Nursing,8,73070,03421808931,watika.bhakta@hospital.com
N0153,Rushil,Tiwari,Male,105,General Medicine,M.Sc Nursing,21,27856,+913799534205,rushil.tiwari@hospital.com
N0154,Tripti,Ravi,Female,105,General Medicine,GNM,15,25414,0735267565,tripti.ravi@hospital.com
N0155,Hema,Zacharia,Female,105,General Medicine,GNM,6,29820,+915303610046,hema.zacharia@hospital.com
N0156,Aishani,Natarajan,Female,105,General Medicine,M.Sc Nursing,25,68561,+910019950098,aishani.natarajan@hospital.com
N0157,Vrinda,Gara,Female,105,General Medicine,GNM,24,77185,04627167520,vrinda.gara@hospital.com
N0158,Radha,Konda,Female,105,General Medicine,M.Sc Nursing,15,76991,5415723974,radha.konda@hospital.com
N0159,Hiral,Krishnamurthy,Female,105,General Medicine,GNM,13,77700,04258919959,hiral.krishnamurthy@hospital.com
N0160,Xalak,More,Female,105,General Medicine,B.Sc Nursing,9,51155,05198465631,xalak.more@hospital.com
N0161,Siya,Balan,Female,105,General Medicine,B.Sc Nursing,1,45363,+912888948978,siya.balan@hospital.com
N0162,Max,Cheema,Male,105,General Medicine,GNM,5,71010,7263528828,max.cheema@hospital.com
N0163,Aashi,Wagle,Female,105,General Medicine,GNM,20,41708,+913143025200,aashi.wagle@hospital.com
N0164,Edhitha,Varughese,Female,105,General Medicine,B.Sc Nursing,15,63231,0426980878,edhitha.varughese@hospital.com
N0165,Harini,Mutti,Female,105,General Medicine,GNM,19,25453,+914670997850,harini.mutti@hospital.com
N0166,Teerth,Bobal,Male,105,General Medicine,M.Sc Nursing,22,51230,01312178888,teerth.bobal@hospital.com
N0167,Caleb,Saraf,Male,105,General Medicine,B.Sc Nursing,10,69417,2666987422,caleb.saraf@hospital.com
N0168,Jagat,Kari,Male,105,General Medicine,GNM,12,70892,4446117954,jagat.kari@hospital.com
N0169,Qarin,Shanker,Male,105,General Medicine,M.Sc Nursing,8,53611,+911704944153,qarin.shanker@hospital.com
N0170,Sanya,Dara,Female,105,General Medicine,M.Sc Nursing,9,33225,05183132181,sanya.dara@hospital.com
N0171,Ranbir,Solanki,Male,105,General Medicine,B.Sc Nursing,16,57355,+914915610072,ranbir.solanki@hospital.com
N0172,Tarak,Bhatia,Male,105,General Medicine,M.Sc Nursing,2,43407,06851640640,tarak.bhatia@hospital.com
N0173,Ati,Nayar,Female,105,General Medicine,GNM,22,42915,4451282729,ati.nayar@hospital.com
N0174,Kalpit,Dutta,Male,105,General Medicine,GNM,20,69842,9811664972,kalpit.dutta@hospital.com
N0175,Lopa,Vohra,Female,105,General Medicine,B.Sc Nursing,17,66821,3259574859,lopa.vohra@hospital.com
N0176,Darika,Kanda,Female,105,General Medicine,M.Sc Nursing,24,37291,+917599334582,darika.kanda@hospital.com
N0177,Hemang,Walia,Male,105,General Medicine,B.Sc Nursing,6,33767,+918716946756,hemang.walia@hospital.com
N0178,Ekansh,Gopal,Male,105,General Medicine,GNM,24,50823,07680725797,ekansh.gopal@hospital.com
N0179,Pranav,Bora,Male,105,General Medicine,B.Sc Nursing,11,55204,+911546367621,pranav.bora@hospital.com
N0180,Ikbal,Saraf,Male,105,General Medicine,M.Sc Nursing,22,55009,+916294944727,ikbal.saraf@hospital.com
N0181,Ekanta,Mukhopadhyay,Female,105,General Medicine,B.Sc Nursing,18,31682,05769998751,ekanta.mukhopadhyay@hospital.com
N0182,Damini,Mangal,Female,105,General Medicine,GNM,25,26368,9333639960,damini.mangal@hospital.com
N0183,Bahadurjit,Muni,Male,105,General Medicine,GNM,18,45594,07159977194,bahadurjit.muni@hospital.com
N0184,Madhavi,Narasimhan,Female,105,General Medicine,GNM,3,59656,5961409774,madhavi.narasimhan@hospital.com
N0185,Brijesh,Trivedi,Male,105,General Medicine,B.Sc Nursing,20,46413,01264053529,brijesh.trivedi@hospital.com
N0186,Janya,Ghosh,Female,105,General Medicine,GNM,3,31937,+917697305721,janya.ghosh@hospital.com
N0187,Yashodhara,Sankar,Female,105,General Medicine,M.Sc Nursing,19,75236,05326169174,yashodhara.sankar@hospital.com
N0188,Indrajit,Mall,Male,105,General Medicine,B.Sc Nursing,21,55354,02279180554,indrajit.mall@hospital.com
N0189,Yatan,Behl,Male,105,General Medicine,GNM,15,64916,+916887302962,yatan.behl@hospital.com
N0190,Amaira,Pai,Female,105,General Medicine,B.Sc Nursing,12,49360,6336409762,amaira.pai@hospital.com
N0191,Gaurika,Savant,Female,105,General Medicine,B.Sc Nursing,20,54025,+912882631096,gaurika.savant@hospital.com
N0192,Vasatika,Gera,Female,105,General Medicine,M.Sc Nursing,1,40769,04077488168,vasatika.gera@hospital.com
N0193,Faqid,Anne,Male,105,General Medicine,M.Sc Nursing,2,33671,03281277317,faqid.anne@hospital.com
N0194,Vincent,Minhas,Male,105,General Medicine,B.Sc Nursing,24,31190,2789437887,vincent.minhas@hospital.com
N0195,Fariq,Madan,Male,105,General Medicine,GNM,12,43415,+917581406505,fariq.madan@hospital.com
N0196,Aarna,Pingle,Female,105,General Medicine,M.Sc Nursing,18,62373,+911647059488,aarna.pingle@hospital.com
N0197,Vidhi,Nigam,Female,105,General Medicine,B.Sc Nursing,23,68892,+914073284568,vidhi.nigam@hospital.com
N0198,Yashodhara,Keer,Female,105,General Medicine,M.Sc Nursing,18,38073,+912817108228,yashodhara.keer@hospital.com
N0199,Dipta,Loyal,Female,105,General Medicine,M.Sc Nursing,1,36806,+913349775933,dipta.loyal@hospital.com
N0200,Sanaya,Savant,Female,105,General Medicine,GNM,13,26395,3588454908,sanaya.savant@hospital.com
N0201,Tara,Sura,Female,105,General Medicine,GNM,22,25053,8138231196,tara.sura@hospital.com
N0202,Zaid,Ranganathan,Male,105,General Medicine,B.Sc Nursing,2,75621,4758335663,zaid.ranganathan@hospital.com
N0203,Yochana,Varty,Female,105,General Medicine,GNM,13,55186,2822706977,yochana.varty@hospital.com
N0204,Vedant,Sunder,Male,105,General Medicine,M.Sc Nursing,25,49600,+910842985077,vedant.sunder@hospital.com
N0205,Anjali,Dey,Female,105,General Medicine,B.Sc Nursing,1,76911,+916810463632,anjali.dey@hospital.com
N0206,Adya,Chahal,Female,105,General Medicine,B.Sc Nursing,4,32966,04612149122,adya.chahal@hospital.com
N0207,Triya,Sekhon,Female,105,General Medicine,B.Sc Nursing,17,30736,+911941949265,triya.sekhon@hospital.com
N0208,Charles,Dalal,Male,105,General Medicine,GNM,8,56230,5802023152,charles.dalal@hospital.com
N0209,Chandresh,Arya,Male,105,General Medicine,B.Sc Nursing,3,28985,6124920184,chandresh.arya@hospital.com
N0210,Jack,Nair,Male,105,General Medicine,B.Sc Nursing,10,51516,9730980657,jack.nair@hospital.com
N0211,Eta,Subramanian,Female,105,General Medicine,GNM,18,36028,+918016584563,eta.subramanian@hospital.com
N0212,Gavin,Krishna,Male,105,General Medicine,B.Sc Nursing,6,47292,04053606568,gavin.krishna@hospital.com
N0213,Chandresh,Nagi,Male,105,General Medicine,B.Sc Nursing,7,57357,00985217729,chandresh.nagi@hospital.com
N0214,Tejas,De,Male,106,Surgery,GNM,4,62151,+919234671844,tejas.de@hospital.com
N0215,Turvi,Borde,Female,106,Surgery,M.Sc Nursing,17,50973,7327430766,turvi.borde@hospital.com
N0216,Vansha,Krishnan,Female,106,Surgery,M.Sc Nursing,17,59125,0018476699,vansha.krishnan@hospital.com
N0217,Rajeshri,Halder,Female,106,Surgery,GNM,24,29921,09607124084,rajeshri.halder@hospital.com
N0218,Wazir,Raja,Male,106,Surgery,B.Sc Nursing,1,66813,02056224718,wazir.raja@hospital.com
N0219,Bhanumati,Guha,Female,106,Surgery,B.Sc Nursing,7,78421,8814371045,bhanumati.guha@hospital.com
N0220,Girik,Raghavan,Male,106,Surgery,GNM,20,45836,+919600750797,girik.raghavan@hospital.com
N0221,Pahal,Dhillon,Female,106,Surgery,M.Sc Nursing,4,27546,+911780667748,pahal.dhillon@hospital.com
N0222,Bakhshi,Vaidya,Male,106,Surgery,GNM,15,71049,3016368426,bakhshi.vaidya@hospital.com
N0223,Kavya,Kakar,Female,106,Surgery,B.Sc Nursing,14,68006,01891355965,kavya.kakar@hospital.com
N0224,Veer,Gaba,Male,106,Surgery,B.Sc Nursing,17,40157,02878184147,veer.gaba@hospital.com
N0225,Sachi,Goyal,Female,106,Surgery,B.Sc Nursing,9,44591,3802670946,sachi.goyal@hospital.com
N0226,Bakhshi,Sandhu,Male,106,Surgery,GNM,15,51697,07164181460,bakhshi.sandhu@hospital.com
N0227,Lakshmi,Chahal,Female,106,Surgery,B.Sc Nursing,11,39175,+919363228029,lakshmi.chahal@hospital.com
N0228,Udarsh,Uppal,Male,106,Surgery,M.Sc Nursing,10,55191,+911347209673,udarsh.uppal@hospital.com
N0229,Siddharth,Ram,Male,106,Surgery,GNM,18,66438,05196537670,siddharth.ram@hospital.com
N0230,Jairaj,Ghose,Male,106,Surgery,M.Sc Nursing,11,51962,04991438397,jairaj.ghose@hospital.com
N0231,Odika,Acharya,Female,106,Surgery,GNM,1,78403,03083360146,odika.acharya@hospital.com
N0232,Yash,Choudhury,Male,106,Surgery,B.Sc Nursing,20,74003,01188882703,yash.choudhury@hospital.com
N0233,Fariq,Gara,Male,106,Surgery,B.Sc Nursing,15,71844,08913604374,fariq.gara@hospital.com
N0234,Orinder,Pingle,Male,106,Surgery,M.Sc Nursing,3,65763,06639408192,orinder.pingle@hospital.com
N0235,Yuvraj,Narula,Male,106,Surgery,M.Sc Nursing,19,55682,4827759479,yuvraj.narula@hospital.com
N0236,Idika,Garde,Female,106,Surgery,B.Sc Nursing,3,73740,00192467595,idika.garde@hospital.com
N0237,Warhi,Rajagopal,Female,106,Surgery,B.Sc Nursing,10,40604,+913711935170,warhi.rajagopal@hospital.com
N0238,Vasatika,Choudhry,Female,106,Surgery,GNM,12,38253,05081703761,vasatika.choudhry@hospital.com
N0239,Janani,Narang,Female,106,Surgery,M.Sc Nursing,6,47386,+914281694538,janani.narang@hospital.com
N0240,Leela,Murty,Female,106,Surgery,M.Sc Nursing,23,52764,04272447539,leela.murty@hospital.com
N0241,Vanya,Deol,Female,106,Surgery,M.Sc Nursing,6,50447,0148292379,vanya.deol@hospital.com
N0242,Gautam,Peri,Male,106,Surgery,M.Sc Nursing,15,72286,9968650660,gautam.peri@hospital.com
N0243,Darpan,Chada,Male,106,Surgery,GNM,8,60685,05586511503,darpan.chada@hospital.com
N0244,Ojasvi,Patla,Female,106,Surgery,M.Sc Nursing,16,48959,08180066056,ojasvi.patla@hospital.com
N0245,Warhi,Srinivasan,Female,106,Surgery,M.Sc Nursing,14,37178,2136008438,warhi.srinivasan@hospital.com
N0246,Anay,Bajwa,Male,106,Surgery,B.Sc Nursing,9,53434,6399378236,anay.bajwa@hospital.com
N0247,Dakshesh,Arya,Male,106,Surgery,B.Sc Nursing,9,27583,9787219163,dakshesh.arya@hospital.com
N0248,Aarini,Choudhary,Female,106,Surgery,B.Sc Nursing,22,72509,05168004721,aarini.choudhary@hospital.com
N0249,Omisha,Issac,Female,106,Surgery,GNM,14,73180,07009358717,omisha.issac@hospital.com
N0250,Bhanumati,Grewal,Female,106,Surgery,M.Sc Nursing,23,59051,+910555018789,bhanumati.grewal@hospital.com
N0251,Abha,Bhandari,Female,106,Surgery,GNM,12,61472,5299423255,abha.bhandari@hospital.com
N0252,Libni,Jaggi,Female,106,Surgery,GNM,23,58079,3492321243,libni.jaggi@hospital.com
N0253,Aarush,Dhaliwal,Male,106,Surgery,B.Sc Nursing,17,39881,08330361322,aarush.dhaliwal@hospital.com
N0254,Yatan,Sami,Male,106,Surgery,GNM,4,58778,9047447309,yatan.sami@hospital.com
N0255,Yashvi,Chaudry,Female,106,Surgery,GNM,2,56958,+910780876678,yashvi.chaudry@hospital.com
N0256,Niharika,Nori,Female,106,Surgery,GNM,9,56150,+913433578437,niharika.nori@hospital.com
N0257,Anusha,Boase,Female,106,Surgery,GNM,14,50373,1803361363,anusha.boase@hospital.com
N0258,Warda,Narain,Female,106,Surgery,M.Sc Nursing,15,36280,+916050335116,warda.narain@hospital.com
N0259,Jacob,Srinivas,Male,107,Oncology,B.Sc Nursing,20,45672,4573625303,jacob.srinivas@hospital.com
N0260,Kiaan,Dass,Male,107,Oncology,B.Sc Nursing,22,59096,00273226992,kiaan.dass@hospital.com
N0261,Varenya,Deshmukh,Female,107,Oncology,B.Sc Nursing,18,61099,8702294009,varenya.deshmukh@hospital.com
N0262,Wishi,Narayanan,Female,107,Oncology,GNM,13,44556,+911029394099,wishi.narayanan@hospital.com
N0263,Samuel,Pandey,Male,107,Oncology,GNM,6,37758,07895645981,samuel.pandey@hospital.com
N0264,Vaishnavi,Bhatt,Female,107,Oncology,B.Sc Nursing,2,48310,+910329284422,vaishnavi.bhatt@hospital.com
N0265,Damyanti,Kala,Female,107,Oncology,B.Sc Nursing,10,42137,4332133000,damyanti.kala@hospital.com
N0266,Mohini,Gandhi,Female,107,Oncology,GNM,16,45430,5603029309,mohini.gandhi@hospital.com
N0267,Omkaar,Thakur,Male,107,Oncology,M.Sc Nursing,25,68337,02020752002,omkaar.thakur@hospital.com
N0268,Nicholas,Parikh,Male,107,Oncology,M.Sc Nursing,14,43505,09318606231,nicholas.parikh@hospital.com
N0269,Kiaan,Khurana,Male,107,Oncology,GNM,15,35621,7443730535,kiaan.khurana@hospital.com
N0270,Shaurya,Deo,Male,107,Oncology,B.Sc Nursing,3,41546,06300976325,shaurya.deo@hospital.com
N0271,Ekapad,Shankar,Male,107,Oncology,GNM,11,36307,3976748813,ekapad.shankar@hospital.com
N0272,Charvi,Mahal,Female,107,Oncology,GNM,25,41904,+910375694143,charvi.mahal@hospital.com
N0273,Bhavya,Mishra,Female,107,Oncology,GNM,14,71907,+911398878429,bhavya.mishra@hospital.com
N0274,Raksha,Khosla,Female,107,Oncology,M.Sc Nursing,3,27660,3718942840,raksha.khosla@hospital.com
N0275,Zehaan,Peri,Male,107,Oncology,M.Sc Nursing,14,59681,03802852120,zehaan.peri@hospital.com
N0276,Aryan,Mangat,Male,107,Oncology,M.Sc Nursing,25,27337,1648515596,aryan.mangat@hospital.com
N0277,Leena,Zachariah,Female,107,Oncology,M.Sc Nursing,9,73071,00321870395,leena.zachariah@hospital.com
N0278,Anmol,Varughese,Male,107,Oncology,M.Sc Nursing,1,53243,02359402169,anmol.varughese@hospital.com
